<?xml version="1.0" encoding="UTF-8"?>
<!--
/*
###############################################################################
# If you use PhysiCell in your project, please cite PhysiCell and the version #
# number, such as below:                                                      #
#                                                                             #
# We implemented and solved the model using PhysiCell (Version x.y.z) [1].    #
#                                                                             #
# [1] A Ghaffarizadeh, R Heiland, SH Friedman, SM Mumenthaler, and P Macklin, #
#     PhysiCell: an Open Source Physics-Based Cell Simulator for Multicellu-  #
#     lar Systems, PLoS Comput. Biol. 14(2): e1005991, 2018                   #
#     DOI: 10.1371/journal.pcbi.1005991                                       #
#                                                                             #
# See VERSION.txt or call get_PhysiCell_version() to get the current version  #
#     x.y.z. Call display_citations() to get detailed information on all cite-#
#     able software used in your PhysiCell application.                       #
#                                                                             #
# Because PhysiCell extensively uses BioFVM, we suggest you also cite BioFVM  #
#     as below:                                                               #
#                                                                             #
# We implemented and solved the model using PhysiCell (Version x.y.z) [1],    #
# with BioFVM [2] to solve the transport equations.                           #
#                                                                             #
# [1] A Ghaffarizadeh, R Heiland, SH Friedman, SM Mumenthaler, and P Macklin, #
#     PhysiCell: an Open Source Physics-Based Cell Simulator for Multicellu-  #
#     lar Systems, PLoS Comput. Biol. 14(2): e1005991, 2018                   #
#     DOI: 10.1371/journal.pcbi.1005991                                       #
#                                                                             #
# [2] A Ghaffarizadeh, SH Friedman, and P Macklin, BioFVM: an efficient para- #
#     llelized diffusive transport solver for 3-D biological simulations,     #
#     Bioinformatics 32(8): 1256-8, 2016. DOI: 10.1093/bioinformatics/btv730  #
#                                                                             #
###############################################################################
#                                                                             #
# BSD 3-Clause License (see https://opensource.org/licenses/BSD-3-Clause)     #
#                                                                             #
# Copyright (c) 2015-2018, Paul Macklin and the PhysiCell Project             #
# All rights reserved.                                                        #
#                                                                             #
# Redistribution and use in source and binary forms, with or without          #
# modification, are permitted provided that the following conditions are met: #
#                                                                             #
# 1. Redistributions of source code must retain the above copyright notice,   #
# this list of conditions and the following disclaimer.                       #
#                                                                             #
# 2. Redistributions in binary form must reproduce the above copyright        #
# notice, this list of conditions and the following disclaimer in the         #
# documentation and/or other materials provided with the distribution.        #
#                                                                             #
# 3. Neither the name of the copyright holder nor the names of its            #
# contributors may be used to endorse or promote products derived from this   #
# software without specific prior written permission.                         #
#                                                                             #
# THIS SOFTWARE IS PROVIDED BY THE COPYRIGHT HOLDERS AND CONTRIBUTORS "AS IS" #
# AND ANY EXPRESS OR IMPLIED WARRANTIES, INCLUDING, BUT NOT LIMITED TO, THE   #
# IMPLIED WARRANTIES OF MERCHANTABILITY AND FITNESS FOR A PARTICULAR PURPOSE  #
# ARE DISCLAIMED. IN NO EVENT SHALL THE COPYRIGHT HOLDER OR CONTRIBUTORS BE   #
# LIABLE FOR ANY DIRECT, INDIRECT, INCIDENTAL, SPECIAL, EXEMPLARY, OR         #
# CONSEQUENTIAL DAMAGES (INCLUDING, BUT NOT LIMITED TO, PROCUREMENT OF        #
# SUBSTITUTE GOODS OR SERVICES; LOSS OF USE, DATA, OR PROFITS; OR BUSINESS    #
# INTERRUPTION) HOWEVER CAUSED AND ON ANY THEORY OF LIABILITY, WHETHER IN     #
# CONTRACT, STRICT LIABILITY, OR TORT (INCLUDING NEGLIGENCE OR OTHERWISE)     #
# ARISING IN ANY WAY OUT OF THE USE OF THIS SOFTWARE, EVEN IF ADVISED OF THE  #
# POSSIBILITY OF SUCH DAMAGE.                                                 #
#                                                                             #
###############################################################################
*/
--> 

<!--
<user_details />
-->

<PhysiCell_settings version="devel-version">
	<domain>
		<x_min>-1500</x_min>
		<x_max>1500</x_max>
		<y_min>-1500</y_min>
		<y_max>1500</y_max>
		<z_min>-10</z_min>
		<z_max>10</z_max>
		<dx>20</dx>
		<dy>20</dy>
		<dz>20</dz>
		<use_2D>true</use_2D>
	</domain>
	
	<overall>
		<max_time units="min">4320</max_time> <!-- 5 days * 24 h * 60 min -->
		<time_units>min</time_units>
		<space_units>micron</space_units>
	</overall>
	
	<parallel>
		<omp_num_threads>1</omp_num_threads>
	</parallel> 
	
	<save>
		<folder>output</folder> <!-- use . for root --> 

		<full_data>
			<interval units="min">120</interval>
			<enable>true</enable>
		</full_data>
		
		<SVG>
			<interval units="min">120</interval>
			<enable>true</enable>
		</SVG>
		
		<legacy_data>
			<enable>false</enable>
		</legacy_data>
	</save>
	
	<microenvironment_setup>
		<variable name="oxygen" units="mmHg" ID="0">
			<physical_parameter_set>
				<diffusion_coefficient units="micron^2/min">000004.0</diffusion_coefficient>
				<decay_rate units="1/min">0</decay_rate>  
			</physical_parameter_set>
			<initial_condition units="mmHg">0</initial_condition>
			<Dirichlet_boundary_condition units="mmHg" enabled="false">0</Dirichlet_boundary_condition>
		</variable>
		<options>
			<calculate_gradients>true</calculate_gradients>
			<track_internalized_substrates_in_each_agent>true</track_internalized_substrates_in_each_agent>
			<!-- not yet supported --> 
			<initial_condition type="matlab" enabled="false">
				<filename>./config/initial.mat</filename>
			</initial_condition>
			<!-- not yet supported --> 
			<dirichlet_nodes type="matlab" enabled="false">
				<filename>./config/dirichlet.mat</filename>
			</dirichlet_nodes>
		</options>
		
				<variable name="virus" units="mmHg" ID="1">
			<physical_parameter_set>
				<diffusion_coefficient units="micron^2/min">1.4766</diffusion_coefficient>
				<decay_rate units="1/min">0.0029</decay_rate>  
			</physical_parameter_set>
			<initial_condition units="mmHg">0</initial_condition>
			<Dirichlet_boundary_condition units="mmHg" enabled="true">0</Dirichlet_boundary_condition>
		</variable>
		<options>
			<calculate_gradients>true</calculate_gradients>
			<track_internalized_substrates_in_each_agent>true</track_internalized_substrates_in_each_agent>
			<!-- not yet supported --> 
			<initial_condition type="matlab" enabled="false">
				<filename>./config/initial.mat</filename>
			</initial_condition>
			<!-- not yet supported --> 
			<dirichlet_nodes type="matlab" enabled="false">
				<filename>./config/dirichlet.mat</filename>
			</dirichlet_nodes>
		</options>
						<variable name="wall" units="mmHg" ID="2">
			<physical_parameter_set>
				<diffusion_coefficient units="micron^2/min">0</diffusion_coefficient>
				<decay_rate units="1/min">0.0</decay_rate>  
			</physical_parameter_set>
			<initial_condition units="mmHg">0</initial_condition>
			<Dirichlet_boundary_condition units="mmHg" enabled="true">0</Dirichlet_boundary_condition>
		</variable>
		<options>
			<calculate_gradients>true</calculate_gradients>
			<track_internalized_substrates_in_each_agent>true</track_internalized_substrates_in_each_agent>
			<!-- not yet supported --> 
			<initial_condition type="matlab" enabled="false">
				<filename>./config/initial.mat</filename>
			</initial_condition>
			<!-- not yet supported --> 
			<dirichlet_nodes type="matlab" enabled="false">
				<filename>./config/dirichlet.mat</filename>
			</dirichlet_nodes>
		</options>
			<variable name="chemokine" units="mmHg" ID="3">
			<physical_parameter_set>
				<diffusion_coefficient units="micron^2/min">555.56</diffusion_coefficient>
				<decay_rate units="1/min">0.0</decay_rate>  
			</physical_parameter_set>
			<initial_condition units="mmHg">0</initial_condition>
			<Dirichlet_boundary_condition units="mmHg" enabled="true">0</Dirichlet_boundary_condition>
		</variable>
		<options>
			<calculate_gradients>true</calculate_gradients>
			<track_internalized_substrates_in_each_agent>true</track_internalized_substrates_in_each_agent>
			<!-- not yet supported --> 
			<initial_condition type="matlab" enabled="false">
				<filename>./config/initial.mat</filename>
			</initial_condition>
			<!-- not yet supported --> 
			<dirichlet_nodes type="matlab" enabled="false">
				<filename>./config/dirichlet.mat</filename>
			</dirichlet_nodes>
		</options>
	</microenvironment_setup>	
	
	<user_parameters>
		<tumor_radius type="double" units="micron">1270</tumor_radius>
		<tumour_radius_initial type="double" units="micron">1270</tumour_radius_initial>
		<random_seed type="int" units="dimensionless">0</random_seed>
		
		<!-- for virus -->
		<virus_saturation_density type="double" units="virus/micron">268.51</virus_saturation_density>
		<initial_virus_density type="int" units="dimensionless">1</initial_virus_density>
		<GBM_virus_uptake_rate type="double" units="1/min">0.0020276</GBM_virus_uptake_rate>
		<infection_threshold type="double" units="1/min">10</infection_threshold>
		<virus_replication_rate type="double" units="1/min">0.4886</virus_replication_rate>
		<virus_burst_number type="double" units="virus">6600</virus_burst_number>
		<pmax type="double" units="virus">0.0125</pmax>
		<viral_decay_from_burst_cell type="double" units="virus">0.1466</viral_decay_from_burst_cell>
		
		<!-- for cancer cells -->
		<initial_GBM_cells type="int" units="cells">5580</initial_GBM_cells>
		<GBM_cell_proliferation_rate type="double" units="1/min">0.00073549</GBM_cell_proliferation_rate>		
			
		<!-- for TH cells -->
		<TH_migration_speed type="int" units="micron/min">4</TH_migration_speed>
		<chemokine_secretion_rate type="double" units="1/min">0.0417</chemokine_secretion_rate>
		<chemokine_secretion_rate type="double" units="1/min">0.0417</chemokine_secretion_rate>
		<TH_prolif_increase_due_to_stimulus type="double" units="dimensionless">5</TH_prolif_increase_due_to_stimulus>
		<TH_prolif_rate type="double" units="dimensionless">0.000079026</TH_prolif_rate>
		<TH_quiescent_transistion_rate type="double" units="dimensionless">0.00143</TH_quiescent_transistion_rate>
				
		<!-- for CTLs -->
		<CTL_migration_speed type="int" units="micron/min">4</CTL_migration_speed>
		<CTL_prolif_rate type="double" units="dimensionless">0.000079026</CTL_prolif_rate>
		<CTL_quiescent_transistion_rate type="double" units="dimensionless">0.00143</CTL_quiescent_transistion_rate>
		<CTL_prolif_increase_due_to_stimulus type="double" units="dimensionless">100</CTL_prolif_increase_due_to_stimulus>
		<max_attachment_distance type="double" units="1/min">50</max_attachment_distance>
		<CTL_max_speed type="double" units="micron/min">24.6</CTL_max_speed>
		<CTL_min_speed type="double" units="micron/min">4</CTL_min_speed>
		<CTL_chemokine_migration_bias type="double" units="dimensionless">0.85</CTL_chemokine_migration_bias>
		
		<!-- for stroma cells -->
		<stroma_virus_uptake_rate type="double" units="1/min">0.01</stroma_virus_uptake_rate>
		<stroma_radius type="double" units="micron">7.5</stroma_radius>
		<initial_stroma_cells type="int" units="cells">14306</initial_stroma_cells>
		
		
		<!-- other -->
		<elastic_coefficient type="double" units="1/min">0.01</elastic_coefficient>		
		<chemokine_saturation_density type="int" units="ng/micron">5</chemokine_saturation_density>
		<maximum_cell_density type="double" units="cell/micron">0.0039</maximum_cell_density>
		<Chemokine_EC50 type="double" units="dimensionless">0.005</Chemokine_EC50>
				
	</user_parameters>
	
</PhysiCell_settings>
